SEASON_ID,TEAM_NAME,GAME_DATE,MATCHUP,WL,MIN,FGM,FGA,FG_PCT,FG3M,FG3A,FG3_PCT,FTM,FTA,FT_PCT,OREB,DREB,REB,AST,STL,BLK,TOV,PF,PTS,PLUS_MINUS,VIDEO_AVAILABLE,SEASON,HOME,OPPONENT,PTS_ROLL5,REB_ROLL5,AST_ROLL5,STL_ROLL5,BLK_ROLL5,BACK_TO_BACK
22021,Los Angeles Lakers,2021-10-19,LAL vs. GSW,0,240,45,95,0.474,15,42,0.357,9,19,0.474,5,40,45,21,7,4,18,25,114,-7,1,2021-2022,1,GSW,114.0,45.0,21.0,7.0,4.0,0
22021,Los Angeles Lakers,2021-10-22,LAL vs. PHX,0,240,34,86,0.395,15,34,0.441,22,29,0.759,12,34,46,25,7,3,16,26,105,-10,1,2021-2022,1,PHX,109.5,45.5,23.0,7.0,3.5,0
22021,Los Angeles Lakers,2021-10-24,LAL vs. MEM,1,240,45,84,0.536,16,30,0.533,15,22,0.682,9,27,36,29,10,12,17,14,121,3,1,2021-2022,1,MEM,113.33333333333333,42.333333333333336,25.0,8.0,6.333333333333333,0
22021,Los Angeles Lakers,2021-10-26,LAL @ SAS,1,265,50,105,0.476,8,30,0.267,17,22,0.773,9,47,56,20,8,10,13,21,125,4,1,2021-2022,0,SAS,116.25,45.75,23.75,8.0,7.25,0
22021,Los Angeles Lakers,2021-10-27,LAL @ OKC,0,240,46,92,0.5,11,35,0.314,12,14,0.857,10,30,40,29,8,2,17,22,115,-8,1,2021-2022,0,OKC,116.0,44.6,24.8,8.0,6.2,1
22021,Los Angeles Lakers,2021-10-29,LAL vs. CLE,1,240,46,84,0.548,12,27,0.444,9,10,0.9,11,31,42,24,9,6,22,20,113,12,1,2021-2022,1,CLE,115.8,44.0,25.4,8.4,6.6,0
22021,Los Angeles Lakers,2021-10-31,LAL vs. HOU,1,240,39,96,0.406,9,31,0.29,8,13,0.615,10,33,43,22,15,9,14,20,95,10,1,2021-2022,1,HOU,113.8,43.4,24.8,10.0,7.8,0
22021,Los Angeles Lakers,2021-11-02,LAL vs. HOU,1,240,49,93,0.527,6,25,0.24,15,20,0.75,11,32,43,26,10,4,17,19,119,2,1,2021-2022,1,HOU,113.4,44.8,24.2,10.0,6.2,0
22021,Los Angeles Lakers,2021-11-04,LAL vs. OKC,0,240,39,94,0.415,12,33,0.364,14,17,0.824,16,33,49,22,8,5,14,21,104,-3,1,2021-2022,1,OKC,109.2,43.4,24.6,10.0,5.2,0
22021,Los Angeles Lakers,2021-11-06,LAL @ POR,0,240,31,90,0.344,9,32,0.281,19,24,0.792,11,48,59,20,8,5,19,17,90,-15,1,2021-2022,0,POR,104.2,47.2,22.8,10.0,5.8,0
22021,Los Angeles Lakers,2021-11-08,LAL vs. CHA,1,265,44,91,0.484,13,32,0.406,25,35,0.714,8,43,51,30,11,8,15,23,126,3,1,2021-2022,1,CHA,106.8,49.0,24.0,10.4,6.2,0
22021,Los Angeles Lakers,2021-11-10,LAL vs. MIA,1,265,46,92,0.5,18,38,0.474,10,16,0.625,9,41,50,26,5,6,23,27,120,3,1,2021-2022,1,MIA,111.8,50.4,24.8,8.4,5.6,0
22021,Los Angeles Lakers,2021-11-12,LAL vs. MIN,0,240,29,82,0.354,9,41,0.22,16,20,0.8,11,33,44,17,12,8,20,14,83,-24,1,2021-2022,1,MIN,104.6,50.6,23.0,8.8,6.4,0
22021,Los Angeles Lakers,2021-11-14,LAL vs. SAS,1,240,43,83,0.518,15,31,0.484,13,17,0.765,9,37,46,28,6,5,16,16,114,8,1,2021-2022,1,SAS,106.6,50.0,24.2,8.4,6.4,0
22021,Los Angeles Lakers,2021-11-15,LAL vs. CHI,0,240,36,79,0.456,6,32,0.188,25,31,0.806,8,35,43,19,10,5,19,15,103,-18,1,2021-2022,1,CHI,109.2,46.8,24.0,8.8,6.4,1
22021,Los Angeles Lakers,2021-11-17,LAL @ MIL,0,240,40,96,0.417,12,43,0.279,10,12,0.833,11,37,48,24,8,4,13,19,102,-7,1,2021-2022,0,MIL,104.4,46.2,22.8,8.2,5.6,0
22021,Los Angeles Lakers,2021-11-19,LAL @ BOS,0,240,39,84,0.464,12,30,0.4,18,24,0.75,7,26,33,20,5,6,12,29,108,-22,1,2021-2022,0,BOS,102.0,42.8,21.6,8.2,5.6,0
22021,Los Angeles Lakers,2021-11-21,LAL @ DET,1,240,45,92,0.489,10,31,0.323,21,27,0.778,12,39,51,29,7,8,13,21,121,5,1,2021-2022,0,DET,109.6,44.2,24.0,7.2,5.6,0
22021,Los Angeles Lakers,2021-11-23,LAL @ NYK,0,240,34,91,0.374,11,36,0.306,21,30,0.7,13,37,50,23,8,3,12,17,100,-6,1,2021-2022,0,NYK,106.8,45.0,23.0,7.6,5.2,0
22021,Los Angeles Lakers,2021-11-24,LAL @ IND,1,265,42,95,0.442,15,37,0.405,25,29,0.862,9,43,52,20,5,4,12,21,124,8,1,2021-2022,0,IND,111.0,46.8,23.2,6.6,5.0,1
22021,Los Angeles Lakers,2021-11-26,LAL vs. SAC,0,315,51,102,0.5,15,44,0.341,20,28,0.714,9,42,51,32,9,6,19,27,137,-4,1,2021-2022,1,SAC,118.0,47.4,24.8,6.8,5.4,0
22021,Los Angeles Lakers,2021-11-28,LAL vs. DET,1,240,43,86,0.5,9,32,0.281,15,25,0.6,6,36,42,32,11,8,12,18,110,4,1,2021-2022,1,DET,118.4,49.2,27.2,8.0,5.8,0
22021,Los Angeles Lakers,2021-11-30,LAL @ SAC,1,240,46,92,0.5,11,28,0.393,14,20,0.7,10,37,47,21,10,6,15,20,117,25,1,2021-2022,0,SAC,117.6,48.4,25.6,8.6,5.4,0
22021,Los Angeles Lakers,2021-12-03,LAL vs. LAC,0,240,45,90,0.5,12,33,0.364,13,21,0.619,13,30,43,28,8,3,12,19,115,-4,1,2021-2022,1,LAC,120.6,47.0,26.6,8.6,5.4,0
22021,Los Angeles Lakers,2021-12-07,LAL vs. BOS,1,240,48,93,0.516,8,27,0.296,13,17,0.765,13,38,51,25,7,4,16,21,117,15,1,2021-2022,1,BOS,119.2,46.8,27.6,9.0,5.4,0
22021,Los Angeles Lakers,2021-12-09,LAL @ MEM,0,240,36,78,0.462,12,30,0.4,11,17,0.647,7,38,45,26,8,6,22,15,95,-13,1,2021-2022,0,MEM,110.8,45.6,26.4,8.8,5.4,0
22021,Los Angeles Lakers,2021-12-10,LAL @ OKC,1,240,41,87,0.471,19,42,0.452,15,20,0.75,12,35,47,23,12,3,16,14,116,21,1,2021-2022,0,OKC,112.0,46.6,24.6,9.0,4.4,1
22021,Los Angeles Lakers,2021-12-12,LAL vs. ORL,1,240,41,84,0.488,13,28,0.464,11,17,0.647,6,38,44,24,12,11,14,17,106,12,1,2021-2022,1,ORL,109.8,46.0,25.2,9.4,5.4,0
22021,Los Angeles Lakers,2021-12-15,LAL @ DAL,1,265,39,90,0.433,15,39,0.385,14,18,0.778,4,42,46,24,8,2,14,20,107,3,1,2021-2022,0,DAL,108.2,46.6,24.4,9.4,5.2,0
22021,Los Angeles Lakers,2021-12-17,LAL @ MIN,0,240,30,78,0.385,12,43,0.279,20,29,0.69,1,35,36,26,6,7,18,22,92,-18,1,2021-2022,0,MIN,103.2,43.6,24.6,9.2,5.8,0
22021,Los Angeles Lakers,2021-12-19,LAL @ CHI,0,240,42,82,0.512,12,34,0.353,14,22,0.636,9,37,46,25,6,8,20,25,110,-5,1,2021-2022,0,CHI,106.2,43.8,24.4,8.8,6.2,0
22021,Los Angeles Lakers,2021-12-21,LAL vs. PHX,0,240,34,87,0.391,7,35,0.2,15,23,0.652,6,41,47,14,9,3,15,18,90,-18,1,2021-2022,1,PHX,101.0,43.8,22.6,8.2,6.2,0
22021,Los Angeles Lakers,2021-12-23,LAL vs. SAS,0,240,44,94,0.468,5,27,0.185,17,30,0.567,14,34,48,21,4,6,14,20,110,-28,1,2021-2022,1,SAS,101.8,44.6,22.0,6.6,5.2,0
22021,Los Angeles Lakers,2021-12-25,LAL vs. BKN,0,240,40,96,0.417,10,35,0.286,25,28,0.893,12,35,47,29,8,5,14,23,115,-7,1,2021-2022,1,BKN,103.4,44.8,23.0,6.6,5.8,0
22021,Los Angeles Lakers,2021-12-28,LAL @ HOU,1,240,48,92,0.522,14,34,0.412,22,29,0.759,14,34,48,27,8,6,12,23,132,9,1,2021-2022,0,HOU,111.4,47.2,23.2,7.0,5.6,0
22021,Los Angeles Lakers,2021-12-29,LAL @ MEM,0,240,39,86,0.453,15,41,0.366,6,8,0.75,7,32,39,24,5,5,18,25,99,-5,1,2021-2022,0,MEM,109.2,45.8,23.0,6.8,5.0,1
22021,Los Angeles Lakers,2021-12-31,LAL vs. POR,1,240,47,85,0.553,19,41,0.463,26,30,0.867,5,42,47,27,6,9,7,21,139,33,1,2021-2022,1,POR,119.0,45.8,25.6,6.2,6.2,0
22021,Los Angeles Lakers,2022-01-02,LAL vs. MIN,1,240,36,75,0.48,13,41,0.317,23,29,0.793,4,24,28,20,13,5,18,16,108,5,1,2021-2022,1,MIN,118.6,41.8,25.4,8.0,6.0,0
22021,Los Angeles Lakers,2022-01-04,LAL vs. SAC,1,240,49,99,0.495,11,32,0.344,13,20,0.65,14,30,44,24,6,5,5,16,122,8,1,2021-2022,1,SAC,120.0,41.2,24.4,7.6,6.0,0
22021,Los Angeles Lakers,2022-01-07,LAL vs. ATL,1,240,50,101,0.495,17,41,0.415,17,19,0.895,8,39,47,37,14,4,8,26,134,16,1,2021-2022,1,ATL,120.4,41.0,26.4,8.8,5.6,0
22021,Los Angeles Lakers,2022-01-09,LAL vs. MEM,0,240,45,97,0.464,14,33,0.424,15,19,0.789,14,27,41,26,6,7,12,25,119,-8,1,2021-2022,1,MEM,124.4,41.4,26.8,9.0,6.0,0
22021,Los Angeles Lakers,2022-01-12,LAL @ SAC,0,240,42,98,0.429,16,47,0.34,16,24,0.667,15,30,45,25,6,3,9,19,116,-9,1,2021-2022,0,SAC,119.8,41.0,26.4,9.0,4.8,0
22021,Los Angeles Lakers,2022-01-15,LAL @ DEN,0,240,36,82,0.439,10,30,0.333,14,19,0.737,8,33,41,21,4,3,11,15,96,-37,1,2021-2022,0,DEN,117.4,43.6,26.6,7.2,4.4,0
22021,Los Angeles Lakers,2022-01-17,LAL vs. UTA,1,240,38,86,0.442,11,37,0.297,14,23,0.609,10,35,45,15,7,5,13,19,101,6,1,2021-2022,1,UTA,113.2,43.8,24.8,7.4,4.4,0
22021,Los Angeles Lakers,2022-01-19,LAL vs. IND,0,240,40,90,0.444,11,34,0.324,13,18,0.722,12,28,40,23,4,7,11,18,104,-7,1,2021-2022,1,IND,107.2,42.4,22.0,5.4,5.0,0
22021,Los Angeles Lakers,2022-01-21,LAL @ ORL,1,240,42,85,0.494,13,30,0.433,19,23,0.826,8,37,45,23,12,4,19,24,116,11,1,2021-2022,0,ORL,106.6,43.2,21.4,6.6,4.4,0
22021,Los Angeles Lakers,2022-01-23,LAL @ MIA,0,240,36,79,0.456,11,40,0.275,24,30,0.8,7,31,38,20,7,1,18,20,107,-6,1,2021-2022,0,MIA,104.8,41.8,20.4,6.8,4.0,0
22021,Los Angeles Lakers,2022-01-25,LAL @ BKN,1,240,42,89,0.472,12,38,0.316,10,10,1.0,5,28,33,23,12,9,10,19,106,10,1,2021-2022,0,BKN,106.8,40.2,20.8,8.4,5.2,0
22021,Los Angeles Lakers,2022-01-27,LAL @ PHI,0,240,36,88,0.409,6,29,0.207,9,9,1.0,9,33,42,19,7,9,19,16,87,-18,1,2021-2022,0,PHI,104.0,39.6,21.6,8.4,6.0,0
22021,Los Angeles Lakers,2022-01-28,LAL @ CHA,0,240,38,91,0.418,15,40,0.375,23,32,0.719,12,32,44,19,7,3,7,23,114,-3,1,2021-2022,0,CHA,106.0,40.4,20.8,9.0,5.2,1
22021,Los Angeles Lakers,2022-01-30,LAL @ ATL,0,240,47,87,0.54,15,35,0.429,12,23,0.522,6,32,38,29,5,2,13,24,121,-8,1,2021-2022,0,ATL,107.0,39.0,22.0,7.6,4.8,0
22021,Los Angeles Lakers,2022-02-02,LAL vs. POR,1,240,33,78,0.423,11,30,0.367,22,33,0.667,12,41,53,25,8,7,17,18,99,5,1,2021-2022,1,POR,105.4,42.0,23.0,7.8,6.0,0
22021,Los Angeles Lakers,2022-02-03,LAL @ LAC,0,240,41,88,0.466,11,29,0.379,17,25,0.68,11,33,44,19,6,6,11,13,110,-1,1,2021-2022,0,LAC,106.2,44.2,22.2,6.6,5.4,1
22021,Los Angeles Lakers,2022-02-05,LAL vs. NYK,1,265,48,102,0.471,9,34,0.265,17,28,0.607,14,43,57,29,8,7,13,23,122,7,1,2021-2022,1,NYK,113.2,47.2,24.2,6.8,5.0,0
22021,Los Angeles Lakers,2022-02-08,LAL vs. MIL,0,240,44,85,0.518,10,32,0.313,18,30,0.6,12,29,41,28,7,6,16,20,116,-15,1,2021-2022,1,MIL,113.6,46.6,26.0,6.8,5.6,0
22021,Los Angeles Lakers,2022-02-09,LAL @ POR,0,240,41,74,0.554,17,37,0.459,6,13,0.462,3,35,38,29,7,7,21,15,105,-2,1,2021-2022,0,POR,110.4,46.6,26.0,7.2,6.6,1
22021,Los Angeles Lakers,2022-02-12,LAL @ GSW,0,240,41,88,0.466,11,27,0.407,22,33,0.667,12,36,48,25,5,6,9,24,115,-2,1,2021-2022,0,GSW,113.6,45.6,26.0,6.6,6.4,0
22021,Los Angeles Lakers,2022-02-16,LAL vs. UTA,1,240,41,86,0.477,10,36,0.278,14,22,0.636,12,32,44,24,9,7,12,18,106,5,1,2021-2022,1,UTA,112.8,45.6,27.0,7.2,6.6,0
22021,Los Angeles Lakers,2022-02-25,LAL vs. LAC,0,240,39,93,0.419,8,31,0.258,16,21,0.762,13,34,47,18,8,7,12,17,102,-3,1,2021-2022,1,LAC,108.8,43.6,24.8,7.2,6.6,0
22021,Los Angeles Lakers,2022-02-27,LAL vs. NOP,0,240,35,84,0.417,7,34,0.206,18,20,0.9,7,31,38,15,8,7,23,18,95,-28,1,2021-2022,1,NOP,104.6,43.0,22.2,7.4,6.8,0
22021,Los Angeles Lakers,2022-03-01,LAL vs. DAL,0,240,37,82,0.451,14,34,0.412,16,20,0.8,4,33,37,22,8,6,12,20,104,-5,1,2021-2022,1,DAL,104.4,42.8,20.8,7.6,6.6,0
22021,Los Angeles Lakers,2022-03-03,LAL @ LAC,0,240,41,84,0.488,12,35,0.343,17,22,0.773,9,27,36,26,8,4,14,17,111,-21,1,2021-2022,0,LAC,103.6,40.4,21.0,8.2,6.2,0
22021,Los Angeles Lakers,2022-03-05,LAL vs. GSW,1,240,44,89,0.494,18,41,0.439,18,21,0.857,12,35,47,25,10,6,20,18,124,8,1,2021-2022,1,GSW,107.2,41.0,21.2,8.4,6.0,0
22021,Los Angeles Lakers,2022-03-07,LAL @ SAS,0,240,43,91,0.473,8,26,0.308,16,23,0.696,12,31,43,19,7,3,15,26,110,-7,1,2021-2022,0,SAS,108.8,40.2,21.4,8.2,5.2,0
22021,Los Angeles Lakers,2022-03-09,LAL @ HOU,0,265,47,101,0.465,18,47,0.383,18,26,0.692,12,36,48,25,10,7,16,21,130,-9,1,2021-2022,0,HOU,115.8,42.2,23.4,8.6,5.2,0
22021,Los Angeles Lakers,2022-03-11,LAL vs. WAS,1,240,48,91,0.527,14,31,0.452,12,17,0.706,7,30,37,25,5,3,9,25,122,13,1,2021-2022,1,WAS,119.4,42.2,24.0,8.0,4.6,0
22021,Los Angeles Lakers,2022-03-13,LAL @ PHX,0,240,36,81,0.444,16,40,0.4,23,31,0.742,7,30,37,24,4,2,19,14,111,-29,1,2021-2022,0,PHX,119.4,42.4,23.6,7.2,4.2,0
22021,Los Angeles Lakers,2022-03-14,LAL vs. TOR,0,240,34,87,0.391,13,42,0.31,22,29,0.759,9,34,43,20,7,7,13,27,103,-11,1,2021-2022,1,TOR,115.2,41.6,22.6,6.6,4.4,1
22021,Los Angeles Lakers,2022-03-16,LAL @ MIN,0,240,39,93,0.419,10,44,0.227,16,23,0.696,13,25,38,23,7,4,14,25,104,-20,1,2021-2022,0,MIN,114.0,40.6,23.4,6.6,4.6,0
22021,Los Angeles Lakers,2022-03-18,LAL @ TOR,1,265,47,96,0.49,19,43,0.442,15,21,0.714,13,30,43,33,6,4,14,19,128,5,1,2021-2022,0,TOR,113.6,39.6,25.0,5.8,4.0,0
22021,Los Angeles Lakers,2022-03-19,LAL @ WAS,0,240,48,91,0.527,13,35,0.371,10,11,0.909,9,32,41,25,3,1,15,23,119,-8,1,2021-2022,0,WAS,113.0,40.4,25.0,5.4,3.6,1
22021,Los Angeles Lakers,2022-03-21,LAL @ CLE,1,240,53,94,0.564,12,32,0.375,13,16,0.813,9,32,41,34,7,3,8,19,131,11,1,2021-2022,0,CLE,117.0,41.2,27.0,6.0,3.8,0
22021,Los Angeles Lakers,2022-03-23,LAL vs. PHI,0,240,50,97,0.515,11,30,0.367,10,16,0.625,11,34,45,25,6,3,12,19,121,-5,1,2021-2022,1,PHI,120.6,41.6,28.0,5.8,3.0,0
22021,Los Angeles Lakers,2022-03-27,LAL @ NOP,0,240,42,80,0.525,14,35,0.4,10,16,0.625,7,32,39,26,5,2,15,20,108,-8,1,2021-2022,0,NOP,121.4,41.8,28.6,5.4,2.6,0
22021,Los Angeles Lakers,2022-03-29,LAL @ DAL,0,240,40,89,0.449,12,44,0.273,18,22,0.818,14,34,48,20,7,2,9,22,110,-18,1,2021-2022,0,DAL,117.8,42.8,26.0,5.6,2.2,0
22021,Los Angeles Lakers,2022-03-31,LAL @ UTA,0,240,41,83,0.494,7,25,0.28,20,28,0.714,9,31,40,18,5,3,11,21,109,-13,1,2021-2022,0,UTA,115.8,42.6,24.6,6.0,2.6,0
22021,Los Angeles Lakers,2022-04-01,LAL vs. NOP,0,240,39,82,0.476,11,27,0.407,22,31,0.71,7,33,40,24,10,1,17,24,111,-3,1,2021-2022,1,NOP,111.8,42.4,22.6,6.6,2.2,1
22021,Los Angeles Lakers,2022-04-03,LAL vs. DEN,0,240,49,92,0.533,6,20,0.3,14,21,0.667,6,34,40,31,4,5,13,25,118,-11,1,2021-2022,1,DEN,111.2,41.4,23.8,6.2,2.6,0
22021,Los Angeles Lakers,2022-04-05,LAL @ PHX,0,240,39,86,0.453,9,29,0.31,23,30,0.767,7,39,46,22,7,3,16,14,110,-11,1,2021-2022,0,PHX,111.6,42.8,23.0,6.6,2.8,0
22021,Los Angeles Lakers,2022-04-07,LAL @ GSW,0,240,37,83,0.446,9,32,0.281,29,38,0.763,8,34,42,14,8,4,19,13,112,-16,1,2021-2022,0,GSW,112.0,41.6,21.8,6.8,3.2,0
22021,Los Angeles Lakers,2022-04-08,LAL vs. OKC,1,240,41,82,0.5,9,31,0.29,29,39,0.744,7,38,45,23,8,4,10,17,120,19,1,2021-2022,1,OKC,114.2,42.6,22.8,7.4,3.4,1
22021,Los Angeles Lakers,2022-04-10,LAL @ DEN,1,265,44,94,0.468,16,43,0.372,42,47,0.894,13,37,50,26,4,6,13,24,146,5,1,2021-2022,0,DEN,121.2,44.6,23.2,6.2,4.4,0
22022,Los Angeles Lakers,2022-10-18,LAL @ GSW,0,240,40,94,0.426,10,40,0.25,19,25,0.76,9,39,48,23,12,4,22,18,109,-14,1,2022-2023,0,GSW,119.4,46.2,21.6,7.8,4.2,0
22022,Los Angeles Lakers,2022-10-20,LAL vs. LAC,0,240,33,94,0.351,9,45,0.2,22,26,0.846,8,30,38,23,13,5,10,24,97,-6,1,2022-2023,1,LAC,116.8,44.6,21.8,9.0,4.6,0
22022,Los Angeles Lakers,2022-10-23,LAL vs. POR,0,240,41,92,0.446,6,33,0.182,16,20,0.8,10,30,40,26,9,9,13,24,104,-2,1,2022-2023,1,POR,115.2,44.2,24.2,9.2,5.6,0
22022,Los Angeles Lakers,2022-10-26,LAL @ DEN,0,240,40,90,0.444,8,30,0.267,11,16,0.688,7,40,47,25,8,4,14,16,99,-11,1,2022-2023,0,DEN,111.0,44.6,24.6,9.2,5.6,0
22022,Los Angeles Lakers,2022-10-28,LAL @ MIN,0,240,37,89,0.416,9,29,0.31,19,27,0.704,12,43,55,20,8,5,22,21,102,-9,1,2022-2023,0,MIN,102.2,45.6,23.4,10.0,5.4,0
22022,Los Angeles Lakers,2022-10-30,LAL vs. DEN,1,240,46,96,0.479,13,30,0.433,16,20,0.8,13,38,51,24,5,5,9,17,121,11,1,2022-2023,1,DEN,104.6,46.2,23.6,8.6,5.6,0
22022,Los Angeles Lakers,2022-11-02,LAL vs. NOP,1,265,45,98,0.459,10,36,0.278,20,23,0.87,11,45,56,30,6,8,18,17,120,3,1,2022-2023,1,NOP,109.2,49.8,25.0,7.2,6.2,0
22022,Los Angeles Lakers,2022-11-04,LAL vs. UTA,0,240,40,83,0.482,11,26,0.423,25,28,0.893,9,31,40,22,6,6,11,17,116,-14,1,2022-2023,1,UTA,111.6,49.8,24.2,6.6,5.6,0
22022,Los Angeles Lakers,2022-11-06,LAL vs. CLE,0,240,40,87,0.46,8,27,0.296,12,21,0.571,10,33,43,24,4,4,17,26,100,-14,1,2022-2023,1,CLE,111.8,49.0,24.0,5.8,5.6,0
22022,Los Angeles Lakers,2022-11-07,LAL @ UTA,0,240,40,82,0.488,9,24,0.375,27,30,0.9,7,26,33,15,7,5,16,21,116,-23,1,2022-2023,0,UTA,114.6,44.6,23.0,5.6,5.6,1
22022,Los Angeles Lakers,2022-11-09,LAL @ LAC,0,240,40,88,0.455,10,32,0.313,11,17,0.647,8,35,43,26,7,2,16,20,101,-13,1,2022-2023,0,LAC,110.6,43.0,23.4,6.0,5.0,0
22022,Los Angeles Lakers,2022-11-11,LAL vs. SAC,0,240,42,88,0.477,10,25,0.4,20,26,0.769,14,27,41,22,11,5,14,22,114,-6,1,2022-2023,1,SAC,109.4,40.0,21.8,7.0,4.4,0
22022,Los Angeles Lakers,2022-11-13,LAL vs. BKN,1,240,44,91,0.484,11,27,0.407,17,20,0.85,12,33,45,25,3,2,9,22,116,13,1,2022-2023,1,BKN,109.4,41.0,22.4,6.4,3.6,0
22022,Los Angeles Lakers,2022-11-18,LAL vs. DET,1,240,43,78,0.551,7,20,0.35,35,40,0.875,7,37,44,29,2,7,16,24,128,7,1,2022-2023,1,DET,115.0,41.2,23.4,6.0,4.2,0
22022,Los Angeles Lakers,2022-11-20,LAL vs. SAS,1,240,45,85,0.529,12,34,0.353,21,24,0.875,5,49,54,29,5,2,15,10,123,31,1,2022-2023,1,SAS,116.4,45.4,26.2,5.6,3.6,0
22022,Los Angeles Lakers,2022-11-22,LAL @ PHX,0,240,36,85,0.424,4,22,0.182,29,35,0.829,7,38,45,19,8,7,17,12,105,-10,1,2022-2023,0,PHX,117.2,45.8,24.8,5.8,4.6,0
22022,Los Angeles Lakers,2022-11-25,LAL @ SAS,1,240,40,83,0.482,8,27,0.296,17,20,0.85,10,39,49,28,12,5,22,16,105,11,1,2022-2023,0,SAS,115.4,47.4,26.0,6.0,4.6,0
22022,Los Angeles Lakers,2022-11-26,LAL @ SAS,1,240,47,81,0.58,17,33,0.515,32,37,0.865,3,36,39,25,4,7,17,20,143,5,1,2022-2023,0,SAS,120.8,46.2,26.0,6.2,5.6,1
22022,Los Angeles Lakers,2022-11-28,LAL vs. IND,0,240,40,93,0.43,11,31,0.355,24,31,0.774,18,39,57,23,3,7,14,16,115,-1,1,2022-2023,1,IND,118.2,48.8,24.8,6.4,5.6,0
22022,Los Angeles Lakers,2022-11-30,LAL vs. POR,1,240,48,97,0.495,14,37,0.378,18,26,0.692,13,35,48,28,5,6,8,18,128,19,1,2022-2023,1,POR,119.2,47.6,24.6,6.4,6.4,0
22022,Los Angeles Lakers,2022-12-02,LAL @ MIL,1,240,52,96,0.542,11,26,0.423,18,24,0.75,12,32,44,32,6,4,4,16,133,4,1,2022-2023,0,MIL,124.8,47.4,27.2,6.0,5.8,0
22022,Los Angeles Lakers,2022-12-04,LAL @ WAS,1,240,52,96,0.542,10,26,0.385,16,22,0.727,9,42,51,34,5,5,15,14,130,11,1,2022-2023,0,WAS,129.8,47.8,28.4,4.6,5.8,0
22022,Los Angeles Lakers,2022-12-06,LAL @ CLE,0,240,38,89,0.427,6,36,0.167,20,24,0.833,14,29,43,16,4,6,16,13,102,-14,1,2022-2023,0,CLE,121.6,48.6,26.6,4.6,5.6,0
22022,Los Angeles Lakers,2022-12-07,LAL @ TOR,0,240,37,87,0.425,7,33,0.212,32,35,0.914,10,36,46,16,6,3,15,17,113,-13,1,2022-2023,0,TOR,121.2,46.4,25.2,5.2,4.8,1
22022,Los Angeles Lakers,2022-12-09,LAL @ PHI,0,265,44,88,0.5,11,31,0.355,23,30,0.767,7,30,37,29,12,4,21,23,122,-11,1,2022-2023,0,PHI,120.0,44.2,25.4,6.6,4.4,0
22022,Los Angeles Lakers,2022-12-11,LAL @ DET,1,240,46,84,0.548,11,26,0.423,21,27,0.778,6,36,42,31,8,4,11,14,124,7,1,2022-2023,0,DET,118.2,43.8,25.2,7.0,4.4,0
22022,Los Angeles Lakers,2022-12-13,LAL vs. BOS,0,265,44,93,0.473,8,29,0.276,22,30,0.733,7,42,49,23,7,9,12,17,118,-4,1,2022-2023,1,BOS,115.8,43.4,23.0,7.4,5.2,0
22022,Los Angeles Lakers,2022-12-16,LAL vs. DEN,1,240,48,91,0.527,12,33,0.364,18,24,0.75,11,34,45,29,11,4,15,21,126,18,1,2022-2023,1,DEN,120.6,43.8,25.6,8.8,4.8,0
22022,Los Angeles Lakers,2022-12-18,LAL vs. WAS,1,240,46,92,0.5,11,27,0.407,16,22,0.727,6,37,43,29,4,5,9,18,119,2,1,2022-2023,1,WAS,121.8,43.2,28.2,8.4,5.2,0
22022,Los Angeles Lakers,2022-12-19,LAL @ PHX,0,240,39,87,0.448,12,28,0.429,14,17,0.824,10,28,38,13,5,5,15,16,104,-26,1,2022-2023,0,PHX,118.2,43.4,25.0,7.0,5.4,1
22022,Los Angeles Lakers,2022-12-21,LAL @ SAC,0,240,42,84,0.5,11,24,0.458,25,30,0.833,5,34,39,25,6,5,15,24,120,-14,1,2022-2023,0,SAC,117.4,42.8,23.8,6.6,5.6,0
22022,Los Angeles Lakers,2022-12-23,LAL vs. CHA,0,240,48,92,0.522,19,44,0.432,15,22,0.682,12,30,42,27,5,1,17,19,130,-4,1,2022-2023,1,CHA,119.8,41.4,24.6,6.2,4.0,0
22022,Los Angeles Lakers,2022-12-25,LAL @ DAL,0,240,39,80,0.488,9,28,0.321,28,32,0.875,6,29,35,18,5,2,10,23,115,-9,1,2022-2023,0,DAL,117.6,39.4,22.4,5.0,3.6,0
22022,Los Angeles Lakers,2022-12-27,LAL @ ORL,1,240,49,90,0.544,17,43,0.395,14,17,0.824,9,37,46,32,4,2,14,16,129,19,1,2022-2023,0,ORL,119.6,40.0,23.0,5.0,3.0,0
22022,Los Angeles Lakers,2022-12-28,LAL @ MIA,0,240,37,77,0.481,13,36,0.361,11,15,0.733,8,36,44,25,2,4,26,16,98,-14,1,2022-2023,0,MIA,118.4,41.2,25.4,4.4,2.8,1
22022,Los Angeles Lakers,2022-12-30,LAL @ ATL,1,240,52,96,0.542,10,32,0.313,16,18,0.889,12,43,55,34,7,6,16,17,130,9,1,2022-2023,0,ATL,120.4,44.4,27.2,4.6,3.0,0
22022,Los Angeles Lakers,2023-01-02,LAL @ CHA,1,240,45,93,0.484,10,30,0.333,21,30,0.7,9,44,53,26,6,5,15,21,121,6,1,2022-2023,0,CHA,118.6,46.6,27.0,4.8,3.8,0
22022,Los Angeles Lakers,2023-01-04,LAL vs. MIA,1,240,40,81,0.494,8,27,0.296,24,30,0.8,9,33,42,20,10,4,17,18,112,3,1,2022-2023,1,MIA,118.0,48.0,27.4,5.8,4.2,0
22022,Los Angeles Lakers,2023-01-06,LAL vs. ATL,1,240,51,93,0.548,16,35,0.457,12,16,0.75,7,44,51,33,6,5,18,18,130,16,1,2022-2023,1,ATL,118.2,49.0,27.6,6.2,4.8,0
22022,Los Angeles Lakers,2023-01-07,LAL @ SAC,1,240,50,82,0.61,9,21,0.429,27,33,0.818,10,28,38,26,4,3,17,25,136,2,1,2022-2023,0,SAC,125.8,47.8,27.8,6.6,4.6,1
22022,Los Angeles Lakers,2023-01-09,LAL @ DEN,0,240,41,93,0.441,8,28,0.286,19,25,0.76,11,33,44,20,12,2,14,14,109,-13,1,2022-2023,0,DEN,121.6,45.6,25.0,7.6,3.8,0
22022,Los Angeles Lakers,2023-01-12,LAL vs. DAL,0,290,44,112,0.393,10,41,0.244,17,27,0.63,14,42,56,24,7,4,10,18,115,-4,1,2022-2023,1,DAL,120.4,46.2,24.6,7.8,3.6,0
22022,Los Angeles Lakers,2023-01-15,LAL vs. PHI,0,240,48,87,0.552,6,20,0.3,10,13,0.769,4,34,38,28,4,6,11,19,112,-1,1,2022-2023,1,PHI,120.4,45.4,26.2,6.6,4.0,0
22022,Los Angeles Lakers,2023-01-16,LAL vs. HOU,1,240,49,91,0.538,12,33,0.364,30,35,0.857,9,30,39,23,4,5,2,19,140,8,1,2022-2023,1,HOU,122.4,43.0,24.2,6.2,4.0,1
22022,Los Angeles Lakers,2023-01-18,LAL vs. SAC,0,240,43,89,0.483,11,34,0.324,14,18,0.778,6,30,36,26,9,3,7,20,111,-5,1,2022-2023,1,SAC,117.4,42.6,24.2,7.2,4.0,0
22022,Los Angeles Lakers,2023-01-20,LAL vs. MEM,1,240,38,93,0.409,13,41,0.317,33,41,0.805,10,37,47,24,7,7,10,26,122,1,1,2022-2023,1,MEM,120.0,43.2,25.0,6.2,5.0,0
22022,Los Angeles Lakers,2023-01-22,LAL @ POR,1,240,45,86,0.523,10,30,0.333,21,27,0.778,10,41,51,23,5,5,13,19,121,9,1,2022-2023,0,POR,121.2,42.2,24.8,5.8,5.2,0
22022,Los Angeles Lakers,2023-01-24,LAL vs. LAC,0,240,42,95,0.442,16,40,0.4,15,24,0.625,9,23,32,21,8,4,7,13,115,-18,1,2022-2023,1,LAC,121.8,41.0,23.4,6.6,4.8,0
22022,Los Angeles Lakers,2023-01-25,LAL vs. SAS,1,240,40,90,0.444,10,33,0.303,23,30,0.767,11,45,56,25,12,9,20,13,113,9,1,2022-2023,1,SAS,116.4,44.4,23.8,8.2,5.6,1
22022,Los Angeles Lakers,2023-01-28,LAL @ BOS,0,265,47,105,0.448,12,42,0.286,15,20,0.75,11,36,47,30,4,0,12,23,121,-4,1,2022-2023,0,BOS,118.4,46.6,24.6,7.2,5.0,0
22022,Los Angeles Lakers,2023-01-30,LAL @ BKN,0,240,35,89,0.393,11,29,0.379,23,37,0.622,16,37,53,24,1,3,14,16,104,-17,1,2022-2023,0,BKN,114.8,47.8,24.6,6.0,4.2,0
22022,Los Angeles Lakers,2023-01-31,LAL @ NYK,1,265,48,93,0.516,11,33,0.333,22,31,0.71,11,33,44,29,6,1,14,23,129,6,1,2022-2023,0,NYK,116.4,46.4,25.8,6.2,3.4,1
22022,Los Angeles Lakers,2023-02-02,LAL @ IND,1,240,42,92,0.457,6,22,0.273,22,31,0.71,13,38,51,29,8,5,13,10,112,1,1,2022-2023,0,IND,115.8,50.2,27.4,6.2,3.6,0
22022,Los Angeles Lakers,2023-02-04,LAL @ NOP,0,240,45,94,0.479,11,32,0.344,25,33,0.758,13,31,44,30,4,3,9,20,126,-5,1,2022-2023,0,NOP,118.4,47.8,28.4,4.6,2.4,0
22022,Los Angeles Lakers,2023-02-07,LAL vs. OKC,0,240,49,85,0.576,14,31,0.452,18,26,0.692,6,35,41,27,8,3,21,19,130,-3,1,2022-2023,1,OKC,120.2,46.6,27.8,5.4,3.0,0
22022,Los Angeles Lakers,2023-02-09,LAL vs. MIL,0,240,42,89,0.472,7,18,0.389,15,21,0.714,11,32,43,23,2,2,12,19,106,-9,1,2022-2023,1,MIL,120.6,44.6,27.6,5.6,2.8,0
22022,Los Angeles Lakers,2023-02-11,LAL @ GSW,1,240,40,89,0.449,8,25,0.32,21,26,0.808,10,42,52,19,4,4,16,12,109,6,1,2022-2023,0,GSW,116.6,46.2,25.6,5.2,3.4,0
22022,Los Angeles Lakers,2023-02-13,LAL @ POR,0,240,42,95,0.442,12,37,0.324,19,21,0.905,14,42,56,24,6,5,13,16,115,-12,1,2022-2023,0,POR,117.2,47.2,24.6,4.8,3.4,0
22022,Los Angeles Lakers,2023-02-15,LAL vs. NOP,1,240,44,83,0.53,10,37,0.27,22,36,0.611,6,37,43,32,5,8,11,23,120,18,1,2022-2023,1,NOP,116.0,47.0,25.0,5.0,4.4,0
22022,Los Angeles Lakers,2023-02-23,LAL vs. GSW,1,240,42,86,0.488,16,30,0.533,24,34,0.706,10,48,58,30,8,3,16,20,124,13,1,2022-2023,1,GSW,114.8,50.4,25.6,5.0,4.4,0
22022,Los Angeles Lakers,2023-02-26,LAL @ DAL,1,240,42,97,0.433,6,34,0.176,21,28,0.75,17,39,56,25,9,4,11,17,111,3,1,2022-2023,0,DAL,115.8,53.0,26.0,6.4,4.8,0
22022,Los Angeles Lakers,2023-02-28,LAL @ MEM,0,240,38,86,0.442,13,34,0.382,20,23,0.87,14,42,56,22,5,10,26,19,109,-12,1,2022-2023,0,MEM,115.8,53.8,26.6,6.6,6.0,0
22022,Los Angeles Lakers,2023-03-01,LAL @ OKC,1,240,38,80,0.475,16,35,0.457,31,39,0.795,10,31,41,22,8,8,13,19,123,6,1,2022-2023,0,OKC,117.4,50.8,26.2,7.0,6.6,1
22022,Los Angeles Lakers,2023-03-03,LAL vs. MIN,0,240,36,87,0.414,10,31,0.323,20,24,0.833,11,30,41,23,8,2,15,19,102,-8,1,2022-2023,1,MIN,113.8,50.4,24.4,7.6,5.4,0
22022,Los Angeles Lakers,2023-03-05,LAL vs. GSW,1,240,42,95,0.442,11,33,0.333,18,22,0.818,10,36,46,29,3,3,9,17,113,8,1,2022-2023,1,GSW,111.6,48.0,24.2,6.6,5.4,0
22022,Los Angeles Lakers,2023-03-07,LAL vs. MEM,1,240,41,90,0.456,7,28,0.25,23,29,0.793,7,50,57,27,4,2,15,18,112,9,1,2022-2023,1,MEM,111.8,48.2,24.6,5.6,5.0,0
22022,Los Angeles Lakers,2023-03-10,LAL vs. TOR,1,240,45,80,0.563,13,30,0.433,19,19,1.0,5,30,35,28,8,8,21,10,122,10,1,2022-2023,1,TOR,114.4,44.0,25.8,6.2,4.6,0
22022,Los Angeles Lakers,2023-03-12,LAL vs. NYK,0,240,43,89,0.483,12,36,0.333,10,17,0.588,10,27,37,24,6,2,11,17,108,-4,1,2022-2023,1,NYK,111.4,43.2,26.2,5.8,3.4,0
22022,Los Angeles Lakers,2023-03-14,LAL @ NOP,1,240,40,82,0.488,18,39,0.462,25,28,0.893,15,37,52,24,8,2,18,16,123,15,1,2022-2023,0,NOP,115.6,45.4,26.4,5.8,3.4,0
22022,Los Angeles Lakers,2023-03-15,LAL @ HOU,0,240,34,90,0.378,11,44,0.25,31,37,0.838,11,25,36,21,7,3,10,17,110,-4,1,2022-2023,0,HOU,115.0,43.4,24.8,6.6,3.4,1
22022,Los Angeles Lakers,2023-03-17,LAL vs. DAL,0,240,43,84,0.512,5,20,0.25,19,31,0.613,13,29,42,23,8,3,12,18,110,-1,1,2022-2023,1,DAL,114.6,40.4,24.0,7.4,3.6,0
22022,Los Angeles Lakers,2023-03-19,LAL vs. ORL,1,240,36,78,0.462,13,32,0.406,26,32,0.813,9,43,52,25,2,9,15,19,111,6,1,2022-2023,1,ORL,112.4,43.8,23.4,6.2,3.8,0
22022,Los Angeles Lakers,2023-03-22,LAL vs. PHX,1,240,39,70,0.557,8,17,0.471,36,46,0.783,5,31,36,27,7,2,15,20,122,11,1,2022-2023,1,PHX,115.2,43.6,24.0,6.4,3.8,0
22022,Los Angeles Lakers,2023-03-24,LAL vs. OKC,1,240,42,91,0.462,12,34,0.353,20,28,0.714,16,37,53,20,9,4,11,14,116,5,1,2022-2023,1,OKC,113.8,43.8,23.2,6.6,4.2,0
22022,Los Angeles Lakers,2023-03-26,LAL vs. CHI,0,240,38,75,0.507,13,36,0.361,19,28,0.679,8,30,38,24,5,4,18,18,108,-10,1,2022-2023,1,CHI,113.4,44.2,23.8,6.2,4.4,0
22022,Los Angeles Lakers,2023-03-29,LAL @ CHI,1,240,45,86,0.523,7,20,0.35,24,30,0.8,13,32,45,22,10,3,16,14,121,11,1,2022-2023,0,CHI,115.6,44.8,23.6,6.6,4.4,0
22022,Los Angeles Lakers,2023-03-31,LAL @ MIN,1,240,45,90,0.5,9,22,0.409,24,30,0.8,15,38,53,28,10,5,16,17,123,12,1,2022-2023,0,MIN,118.0,45.0,24.2,8.2,3.6,0
22022,Los Angeles Lakers,2023-04-02,LAL @ HOU,1,240,52,93,0.559,9,30,0.3,21,28,0.75,11,40,51,36,4,8,6,9,134,25,1,2022-2023,0,HOU,120.4,48.0,26.0,7.6,4.8,0
22022,Los Angeles Lakers,2023-04-04,LAL @ UTA,1,265,48,96,0.5,12,34,0.353,27,35,0.771,11,33,44,27,6,7,12,21,135,2,1,2022-2023,0,UTA,124.2,46.2,27.4,7.0,5.4,0
22022,Los Angeles Lakers,2023-04-05,LAL @ LAC,0,240,45,89,0.506,12,29,0.414,16,24,0.667,10,34,44,27,4,3,14,17,118,-7,1,2022-2023,0,LAC,126.2,47.4,28.0,6.8,5.2,1
22022,Los Angeles Lakers,2023-04-07,LAL vs. PHX,1,240,45,92,0.489,18,36,0.5,13,17,0.765,10,44,54,25,6,6,16,12,121,14,1,2022-2023,1,PHX,126.2,49.2,28.6,6.0,5.8,0
22022,Los Angeles Lakers,2023-04-09,LAL vs. UTA,1,240,47,97,0.485,18,45,0.4,16,21,0.762,10,39,49,28,4,7,11,9,128,11,1,2022-2023,1,UTA,127.2,48.4,28.6,4.8,6.2,0
22023,Los Angeles Lakers,2023-10-24,LAL @ DEN,0,240,41,90,0.456,10,29,0.345,15,20,0.75,13,31,44,23,5,4,12,18,107,-12,1,2023-2024,0,DEN,121.8,47.0,26.0,5.0,5.4,0
22023,Los Angeles Lakers,2023-10-26,LAL vs. PHX,1,240,36,84,0.429,5,29,0.172,23,29,0.793,8,34,42,24,14,7,16,23,100,5,1,2023-2024,1,PHX,114.8,46.6,25.4,6.6,5.4,0
22023,Los Angeles Lakers,2023-10-29,LAL @ SAC,0,265,43,98,0.439,15,45,0.333,26,34,0.765,8,45,53,27,4,4,12,22,127,-5,1,2023-2024,0,SAC,116.6,48.4,25.4,6.6,5.6,0
22023,Los Angeles Lakers,2023-10-30,LAL vs. ORL,1,240,42,79,0.532,8,27,0.296,14,18,0.778,3,37,40,28,7,10,16,17,106,3,1,2023-2024,1,ORL,113.6,45.6,26.0,6.8,6.4,1
22023,Los Angeles Lakers,2023-11-01,LAL vs. LAC,1,265,46,90,0.511,11,32,0.344,27,36,0.75,9,42,51,28,10,9,14,24,130,5,1,2023-2024,1,LAC,114.0,46.0,26.0,8.0,6.8,0
22023,Los Angeles Lakers,2023-11-04,LAL @ ORL,0,240,37,84,0.44,8,30,0.267,19,21,0.905,10,30,40,17,6,10,17,21,101,-19,1,2023-2024,0,ORL,112.8,45.2,24.8,8.2,8.0,0
22023,Los Angeles Lakers,2023-11-06,LAL @ MIA,0,240,44,81,0.543,8,26,0.308,11,14,0.786,5,33,38,28,6,5,17,17,107,-1,1,2023-2024,0,MIA,114.2,44.4,25.6,6.6,7.6,0
22023,Los Angeles Lakers,2023-11-08,LAL @ HOU,0,240,36,85,0.424,7,25,0.28,15,24,0.625,5,29,34,20,7,6,9,18,94,-34,1,2023-2024,0,HOU,107.6,40.6,24.2,7.2,8.0,0
22023,Los Angeles Lakers,2023-11-10,LAL @ PHX,1,240,42,84,0.5,12,27,0.444,26,34,0.765,9,34,43,27,9,7,11,20,122,3,1,2023-2024,0,PHX,110.8,41.2,24.0,7.6,7.4,0
22023,Los Angeles Lakers,2023-11-12,LAL vs. POR,1,240,41,84,0.488,4,19,0.211,30,37,0.811,7,34,41,27,8,4,9,11,116,6,1,2023-2024,1,POR,108.0,39.2,23.8,7.2,6.4,0
22023,Los Angeles Lakers,2023-11-14,LAL vs. MEM,1,240,47,81,0.58,22,35,0.629,18,24,0.75,10,44,54,30,4,10,19,13,134,27,1,2023-2024,1,MEM,114.6,42.0,26.4,6.8,6.4,0
22023,Los Angeles Lakers,2023-11-15,LAL vs. SAC,0,240,42,83,0.506,11,29,0.379,15,19,0.789,7,36,43,25,12,6,23,17,110,-15,1,2023-2024,1,SAC,115.2,43.0,25.8,8.0,6.6,1
22023,Los Angeles Lakers,2023-11-17,LAL @ POR,1,240,40,81,0.494,12,29,0.414,15,22,0.682,11,33,44,27,11,6,18,16,107,12,1,2023-2024,0,POR,117.8,45.0,27.2,8.8,6.6,0
22023,Los Angeles Lakers,2023-11-19,LAL vs. HOU,1,240,39,83,0.47,6,29,0.207,21,29,0.724,10,32,42,26,13,1,18,13,105,1,1,2023-2024,1,HOU,114.4,44.8,27.0,9.6,5.4,0
22023,Los Angeles Lakers,2023-11-21,LAL vs. UTA,1,240,49,86,0.57,11,29,0.379,22,27,0.815,9,43,52,35,6,5,15,15,131,32,1,2023-2024,1,UTA,117.4,47.0,28.6,9.2,5.6,0
22023,Los Angeles Lakers,2023-11-22,LAL vs. DAL,0,240,39,84,0.464,11,29,0.379,12,19,0.632,9,42,51,26,1,2,13,17,101,-3,1,2023-2024,1,DAL,110.8,46.4,27.8,8.6,4.0,1
22023,Los Angeles Lakers,2023-11-25,LAL @ CLE,1,240,47,90,0.522,9,27,0.333,18,21,0.857,9,35,44,34,9,8,18,15,121,6,1,2023-2024,0,CLE,113.0,46.6,29.6,8.0,4.4,0
22023,Los Angeles Lakers,2023-11-27,LAL @ PHI,0,240,39,83,0.47,7,28,0.25,9,13,0.692,6,26,32,23,3,4,17,18,94,-44,1,2023-2024,0,PHI,110.4,44.2,28.8,6.4,4.0,0
22023,Los Angeles Lakers,2023-11-29,LAL @ DET,1,240,45,88,0.511,12,34,0.353,31,38,0.816,8,41,49,28,7,10,12,12,133,26,1,2023-2024,0,DET,116.0,45.6,29.2,5.2,5.8,0
22023,Los Angeles Lakers,2023-11-30,LAL @ OKC,0,240,36,81,0.444,11,33,0.333,27,32,0.844,7,34,41,24,6,2,14,20,110,-23,1,2023-2024,0,OKC,111.8,43.4,27.0,5.2,5.2,1
22023,Los Angeles Lakers,2023-12-02,LAL vs. HOU,1,240,40,89,0.449,8,27,0.296,19,27,0.704,9,39,48,24,11,7,12,17,107,10,1,2023-2024,1,HOU,113.0,42.8,26.6,7.2,6.2,0
22023,Los Angeles Lakers,2023-12-05,LAL vs. PHX,1,240,38,102,0.373,9,30,0.3,21,25,0.84,21,24,45,24,11,2,10,19,106,3,1,2023-2024,1,PHX,110.0,43.0,24.6,7.6,5.0,0
22023,Los Angeles Lakers,2023-12-07,LAL vs. NOP,1,240,47,86,0.547,17,35,0.486,22,29,0.759,11,48,59,31,6,4,15,16,133,44,1,2023-2024,1,NOP,117.8,48.4,26.2,8.2,5.0,0
22023,Los Angeles Lakers,2023-12-12,LAL @ DAL,0,240,49,91,0.538,15,29,0.517,12,18,0.667,10,30,40,34,4,4,15,20,125,-2,1,2023-2024,0,DAL,116.2,46.6,27.4,7.6,3.8,0
22023,Los Angeles Lakers,2023-12-13,LAL @ SAS,1,240,49,91,0.538,14,35,0.4,10,17,0.588,5,41,46,31,14,4,16,16,122,3,1,2023-2024,0,SAS,118.6,47.6,28.8,9.2,4.2,1
22023,Los Angeles Lakers,2023-12-15,LAL @ SAS,0,240,43,89,0.483,11,36,0.306,18,28,0.643,9,34,43,32,5,5,6,15,115,-14,1,2023-2024,0,SAS,120.2,46.6,30.4,8.0,3.8,0
22023,Los Angeles Lakers,2023-12-18,LAL vs. NYK,0,240,42,99,0.424,13,41,0.317,12,13,0.923,9,32,41,29,9,3,10,17,109,-5,1,2023-2024,1,NYK,120.8,45.8,31.4,7.6,4.0,0
22023,Los Angeles Lakers,2023-12-20,LAL @ CHI,0,240,42,94,0.447,12,37,0.324,12,15,0.8,8,32,40,27,7,7,14,11,108,-16,1,2023-2024,0,CHI,115.8,42.0,30.6,7.8,4.6,0
22023,Los Angeles Lakers,2023-12-21,LAL @ MIN,0,240,41,83,0.494,10,24,0.417,19,24,0.792,7,31,38,21,6,6,18,18,111,-7,1,2023-2024,0,MIN,113.0,41.6,28.0,8.2,5.0,1
22023,Los Angeles Lakers,2023-12-23,LAL @ OKC,1,240,47,90,0.522,16,32,0.5,19,23,0.826,8,36,44,37,7,7,9,13,129,9,1,2023-2024,0,OKC,114.4,41.2,29.2,6.8,5.6,0
22023,Los Angeles Lakers,2023-12-25,LAL vs. BOS,0,240,43,90,0.478,13,32,0.406,16,21,0.762,13,30,43,24,4,1,12,19,115,-11,1,2023-2024,1,BOS,114.4,41.2,27.6,6.6,4.8,0
22023,Los Angeles Lakers,2023-12-28,LAL vs. CHA,1,240,52,97,0.536,15,30,0.5,14,14,1.0,5,37,42,41,11,7,11,21,133,21,1,2023-2024,1,CHA,119.2,41.4,30.0,7.0,5.6,0
22023,Los Angeles Lakers,2023-12-30,LAL @ MIN,0,240,37,88,0.42,7,24,0.292,25,32,0.781,8,31,39,23,12,4,10,15,106,-2,1,2023-2024,0,MIN,118.8,41.2,29.2,8.0,5.0,0
22023,Los Angeles Lakers,2023-12-31,LAL @ NOP,0,240,39,82,0.476,10,32,0.313,21,25,0.84,4,31,35,26,8,10,13,15,109,-20,1,2023-2024,0,NOP,118.4,40.6,30.2,8.4,5.8,1
22023,Los Angeles Lakers,2024-01-03,LAL vs. MIA,0,240,35,83,0.422,4,30,0.133,22,24,0.917,9,41,50,29,3,6,22,14,96,-14,1,2023-2024,1,MIA,111.8,41.8,28.6,7.6,5.6,0
22023,Los Angeles Lakers,2024-01-05,LAL vs. MEM,0,240,42,85,0.494,10,28,0.357,19,27,0.704,8,27,35,26,13,3,14,14,113,-14,1,2023-2024,1,MEM,111.4,40.2,29.0,9.4,6.0,0
22023,Los Angeles Lakers,2024-01-07,LAL vs. LAC,1,240,42,82,0.512,11,29,0.379,11,16,0.688,8,32,40,23,9,6,19,11,106,3,1,2023-2024,1,LAC,106.0,39.8,25.4,9.0,5.8,0
22023,Los Angeles Lakers,2024-01-09,LAL vs. TOR,1,240,44,81,0.543,16,36,0.444,28,36,0.778,5,34,39,34,6,4,15,16,132,1,1,2023-2024,1,TOR,111.2,39.8,27.6,7.8,5.8,0
22023,Los Angeles Lakers,2024-01-11,LAL vs. PHX,0,240,40,80,0.5,13,34,0.382,16,25,0.64,7,30,37,33,8,4,18,19,109,-18,1,2023-2024,1,PHX,111.2,40.2,29.0,7.8,4.6,0
22023,Los Angeles Lakers,2024-01-13,LAL @ UTA,0,240,46,92,0.5,13,29,0.448,20,24,0.833,7,33,40,30,6,8,12,23,125,-7,1,2023-2024,0,UTA,117.0,38.2,29.2,8.4,5.0,0
22023,Los Angeles Lakers,2024-01-15,LAL vs. OKC,1,240,44,84,0.524,8,24,0.333,16,18,0.889,8,36,44,30,7,9,17,12,112,7,1,2023-2024,1,OKC,116.8,40.0,30.0,7.2,6.2,0
22023,Los Angeles Lakers,2024-01-17,LAL vs. DAL,1,240,49,91,0.538,12,28,0.429,17,24,0.708,9,36,45,33,8,1,11,15,127,17,1,2023-2024,1,DAL,121.0,41.0,32.0,7.0,5.2,0
22023,Los Angeles Lakers,2024-01-19,LAL vs. BKN,0,240,40,90,0.444,12,33,0.364,20,24,0.833,10,34,44,31,7,3,14,11,112,-18,1,2023-2024,1,BKN,117.0,42.0,31.4,7.2,5.0,0
22023,Los Angeles Lakers,2024-01-21,LAL vs. POR,1,240,47,86,0.547,13,33,0.394,27,29,0.931,10,35,45,28,9,6,14,18,134,24,1,2023-2024,1,POR,122.0,43.6,30.4,7.4,5.4,0
22023,Los Angeles Lakers,2024-01-23,LAL @ LAC,0,240,45,92,0.489,11,32,0.344,15,22,0.682,13,28,41,27,9,8,15,15,116,-11,1,2023-2024,0,LAC,120.2,43.8,29.8,8.0,5.4,0
22023,Los Angeles Lakers,2024-01-25,LAL vs. CHI,1,240,53,87,0.609,20,31,0.645,15,20,0.75,5,25,30,35,10,4,14,21,141,9,1,2023-2024,1,CHI,126.0,41.0,30.8,8.6,4.4,0
22023,Los Angeles Lakers,2024-01-27,LAL @ GSW,1,290,49,101,0.485,9,27,0.333,38,43,0.884,7,48,55,33,9,5,20,21,145,1,1,2023-2024,0,GSW,129.6,43.0,30.8,8.8,5.2,0
22023,Los Angeles Lakers,2024-01-29,LAL @ HOU,0,240,45,91,0.495,13,35,0.371,16,26,0.615,4,31,35,26,10,6,12,13,119,-16,1,2023-2024,0,HOU,131.0,41.2,29.8,9.4,5.8,0
22023,Los Angeles Lakers,2024-01-30,LAL @ ATL,0,240,48,90,0.533,12,33,0.364,14,25,0.56,7,30,37,28,12,3,14,16,122,-16,1,2023-2024,0,ATL,128.6,39.6,29.8,10.0,5.2,1
22023,Los Angeles Lakers,2024-02-01,LAL @ BOS,1,240,38,94,0.404,19,36,0.528,19,26,0.731,15,37,52,30,11,2,7,8,114,9,1,2023-2024,0,BOS,128.2,41.8,30.4,10.4,4.0,0
22023,Los Angeles Lakers,2024-02-03,LAL @ NYK,1,240,39,80,0.488,12,31,0.387,23,27,0.852,3,35,38,28,4,11,5,16,113,8,1,2023-2024,0,NYK,122.6,43.4,29.0,9.2,5.4,0
22023,Los Angeles Lakers,2024-02-05,LAL @ CHA,1,240,50,89,0.562,8,34,0.235,16,19,0.842,7,41,48,36,5,6,17,12,124,6,1,2023-2024,0,CHA,118.4,42.0,29.6,8.4,5.6,0
22023,Los Angeles Lakers,2024-02-08,LAL vs. DEN,0,240,41,89,0.461,8,25,0.32,16,22,0.727,10,29,39,27,12,10,7,10,106,-8,1,2023-2024,1,DEN,115.8,42.8,29.8,8.8,6.4,0
22023,Los Angeles Lakers,2024-02-09,LAL vs. NOP,1,240,49,88,0.557,14,31,0.452,27,32,0.844,5,27,32,32,5,5,8,20,139,17,1,2023-2024,1,NOP,119.2,41.8,30.6,7.4,6.8,1
22023,Los Angeles Lakers,2024-02-13,LAL vs. DET,1,240,43,84,0.512,14,35,0.4,25,30,0.833,7,40,47,32,6,11,16,14,125,14,1,2023-2024,1,DET,121.4,40.8,31.0,6.4,8.6,0
22023,Los Angeles Lakers,2024-02-14,LAL @ UTA,1,240,52,91,0.571,14,31,0.452,20,24,0.833,5,32,37,34,8,4,10,13,138,16,1,2023-2024,0,UTA,126.4,40.6,32.2,7.2,7.2,1
22023,Los Angeles Lakers,2024-02-22,LAL @ GSW,0,240,43,88,0.489,10,35,0.286,14,21,0.667,10,31,41,28,5,9,11,18,110,-18,1,2023-2024,0,GSW,123.6,39.2,30.6,7.2,7.8,0
22023,Los Angeles Lakers,2024-02-23,LAL vs. SAS,1,240,49,95,0.516,11,27,0.407,14,18,0.778,10,36,46,28,7,4,13,18,123,5,1,2023-2024,1,SAS,127.0,40.6,30.8,6.2,6.6,1
22023,Los Angeles Lakers,2024-02-25,LAL @ PHX,0,240,47,90,0.522,15,35,0.429,4,8,0.5,3,31,34,28,7,4,12,14,113,-10,1,2023-2024,0,PHX,121.8,41.0,30.0,6.6,6.4,0
22023,Los Angeles Lakers,2024-02-28,LAL @ LAC,1,240,47,86,0.547,14,36,0.389,8,10,0.8,8,31,39,28,6,5,17,12,116,4,1,2023-2024,0,LAC,120.0,39.4,29.2,6.6,5.2,0
22023,Los Angeles Lakers,2024-02-29,LAL vs. WAS,1,265,53,101,0.525,8,23,0.348,20,24,0.833,7,38,45,30,6,6,11,16,134,3,1,2023-2024,1,WAS,119.2,41.0,28.4,6.2,5.6,1
22023,Los Angeles Lakers,2024-03-02,LAL vs. DEN,0,240,47,89,0.528,12,29,0.414,8,11,0.727,6,25,31,33,5,4,7,9,114,-10,1,2023-2024,1,DEN,120.0,39.0,29.4,6.2,4.6,0
22023,Los Angeles Lakers,2024-03-04,LAL vs. OKC,1,240,41,80,0.513,16,34,0.471,18,25,0.72,12,43,55,29,8,7,21,15,116,12,1,2023-2024,1,OKC,118.6,40.8,29.6,6.4,5.2,0
22023,Los Angeles Lakers,2024-03-06,LAL vs. SAC,0,240,42,81,0.519,15,32,0.469,21,25,0.84,3,31,34,25,4,5,14,14,120,-10,1,2023-2024,1,SAC,120.0,40.8,29.0,5.8,5.4,0
22023,Los Angeles Lakers,2024-03-08,LAL vs. MIL,1,240,47,90,0.522,16,34,0.471,13,19,0.684,4,34,38,27,2,7,5,16,123,1,1,2023-2024,1,MIL,121.4,40.6,28.8,5.0,5.8,0
22023,Los Angeles Lakers,2024-03-10,LAL vs. MIN,1,240,44,83,0.53,10,24,0.417,22,29,0.759,14,42,56,29,9,4,21,12,120,11,1,2023-2024,1,MIN,118.6,42.8,28.6,5.6,5.4,0
22023,Los Angeles Lakers,2024-03-13,LAL @ SAC,0,240,38,78,0.487,14,32,0.438,17,22,0.773,7,31,38,25,8,2,14,12,107,-13,1,2023-2024,0,SAC,117.2,44.2,27.0,6.2,5.0,0
22023,Los Angeles Lakers,2024-03-16,LAL vs. GSW,0,240,47,92,0.511,12,34,0.353,15,18,0.833,8,31,39,32,3,4,10,13,121,-7,1,2023-2024,1,GSW,118.2,41.0,27.6,5.2,4.4,0
22023,Los Angeles Lakers,2024-03-18,LAL vs. ATL,1,240,52,90,0.578,15,36,0.417,17,20,0.85,4,44,48,39,6,4,9,15,136,31,1,2023-2024,1,ATL,121.4,43.8,30.4,5.6,4.2,0
22023,Los Angeles Lakers,2024-03-22,LAL vs. PHI,1,240,32,73,0.438,12,31,0.387,25,33,0.758,11,43,54,22,1,7,21,16,101,7,1,2023-2024,1,PHI,117.0,47.0,29.4,5.4,4.2,0
22023,Los Angeles Lakers,2024-03-24,LAL vs. IND,1,240,50,89,0.562,12,25,0.48,38,43,0.884,8,33,41,28,6,7,10,14,150,5,1,2023-2024,1,IND,123.0,44.0,29.2,4.8,4.8,0
22023,Los Angeles Lakers,2024-03-26,LAL @ MIL,1,290,42,108,0.389,14,44,0.318,30,32,0.938,15,54,69,30,4,8,17,13,128,4,1,2023-2024,0,MIL,127.2,50.2,30.2,4.0,6.0,0
22023,Los Angeles Lakers,2024-03-27,LAL @ MEM,1,240,45,81,0.556,18,33,0.545,28,35,0.8,4,39,43,31,5,4,16,19,136,12,1,2023-2024,0,MEM,130.2,51.0,30.0,4.4,6.0,1
22023,Los Angeles Lakers,2024-03-29,LAL @ IND,0,240,35,86,0.407,5,30,0.167,15,18,0.833,10,38,48,24,3,3,16,14,90,-19,1,2023-2024,0,IND,121.0,51.0,27.0,3.8,5.8,0
22023,Los Angeles Lakers,2024-03-31,LAL @ BKN,1,240,42,77,0.545,15,40,0.375,17,22,0.773,6,44,50,24,8,6,20,15,116,12,1,2023-2024,0,BKN,124.0,50.2,27.4,5.2,5.6,0
22023,Los Angeles Lakers,2024-04-02,LAL @ TOR,1,240,52,101,0.515,18,41,0.439,6,12,0.5,13,34,47,38,6,8,15,17,128,17,1,2023-2024,0,TOR,119.6,51.4,29.4,5.2,5.8,0
22023,Los Angeles Lakers,2024-04-03,LAL @ WAS,1,240,46,91,0.505,8,28,0.286,25,29,0.862,11,38,49,21,10,4,17,10,125,5,1,2023-2024,0,WAS,119.0,47.4,27.6,6.4,5.0,1
22023,Los Angeles Lakers,2024-04-06,LAL vs. CLE,1,240,45,80,0.563,16,37,0.432,10,16,0.625,6,34,40,30,11,11,20,12,116,19,1,2023-2024,1,CLE,115.0,46.8,27.4,7.6,6.4,0
22023,Los Angeles Lakers,2024-04-07,LAL vs. MIN,0,240,39,84,0.464,11,31,0.355,28,32,0.875,10,31,41,27,10,2,15,14,117,-10,1,2023-2024,1,MIN,120.4,45.4,28.0,9.0,6.2,1
22023,Los Angeles Lakers,2024-04-09,LAL vs. GSW,0,240,44,96,0.458,12,35,0.343,20,24,0.833,10,30,40,31,8,3,8,14,120,-14,1,2023-2024,1,GSW,121.2,43.4,29.4,9.0,5.6,0
22023,Los Angeles Lakers,2024-04-12,LAL @ MEM,1,240,42,81,0.519,13,37,0.351,26,34,0.765,10,29,39,25,5,6,19,17,123,3,1,2023-2024,0,MEM,120.2,41.8,26.8,8.8,5.2,0
22023,Los Angeles Lakers,2024-04-14,LAL @ NOP,1,240,48,87,0.552,11,29,0.379,17,18,0.944,7,32,39,32,12,3,15,13,124,16,1,2023-2024,0,NOP,120.0,39.8,29.0,9.2,5.0,0
22024,Los Angeles Lakers,2024-10-22,LAL vs. MIN,1,240,42,95,0.442,5,30,0.167,21,25,0.84,15,31,46,22,7,8,7,22,110,7,1,2024-2025,1,MIN,118.8,41.0,27.4,8.4,4.4,0
22024,Los Angeles Lakers,2024-10-25,LAL vs. PHX,1,240,40,75,0.533,14,27,0.519,29,39,0.744,6,31,37,33,10,5,13,18,123,7,1,2024-2025,1,PHX,120.0,40.2,28.6,8.4,5.0,0
22024,Los Angeles Lakers,2024-10-26,LAL vs. SAC,1,240,48,92,0.522,14,34,0.412,21,24,0.875,13,32,45,32,8,3,19,19,131,4,1,2024-2025,1,SAC,122.2,41.2,28.8,8.4,5.0,1
22024,Los Angeles Lakers,2024-10-28,LAL @ PHX,0,240,39,94,0.415,14,32,0.438,13,18,0.722,11,35,46,25,5,6,12,19,105,-4,1,2024-2025,0,PHX,118.6,42.6,28.8,8.4,5.0,0
22024,Los Angeles Lakers,2024-10-30,LAL @ CLE,0,240,38,77,0.494,6,28,0.214,28,33,0.848,5,32,37,21,6,0,21,7,110,-24,1,2024-2025,0,CLE,115.8,42.2,26.6,7.2,4.4,0
22024,Los Angeles Lakers,2024-11-01,LAL @ TOR,1,240,42,88,0.477,11,32,0.344,36,41,0.878,9,34,43,29,6,5,10,17,131,6,1,2024-2025,0,TOR,120.0,41.6,28.0,7.0,3.8,0
22024,Los Angeles Lakers,2024-11-04,LAL @ DET,0,240,37,85,0.435,9,25,0.36,20,27,0.741,7,30,37,28,8,1,13,16,103,-12,1,2024-2025,0,DET,116.0,41.6,27.0,6.6,3.0,0
22024,Los Angeles Lakers,2024-11-06,LAL @ MEM,0,240,41,93,0.441,15,48,0.313,17,21,0.81,9,28,37,23,10,1,11,18,114,-17,1,2024-2025,0,MEM,112.6,40.0,25.2,7.0,2.6,0
22024,Los Angeles Lakers,2024-11-08,LAL vs. PHI,1,240,44,85,0.518,16,35,0.457,12,14,0.857,5,40,45,28,1,13,13,17,116,10,1,2024-2025,1,PHI,114.8,39.8,25.8,6.2,4.0,0
22024,Los Angeles Lakers,2024-11-10,LAL vs. TOR,1,240,44,86,0.512,12,37,0.324,23,28,0.821,10,23,33,30,9,4,5,15,123,20,1,2024-2025,1,TOR,117.4,39.0,27.6,6.8,4.8,0
22024,Los Angeles Lakers,2024-11-13,LAL vs. MEM,1,240,43,85,0.506,20,41,0.488,22,32,0.688,7,35,42,31,7,5,18,22,128,5,1,2024-2025,1,MEM,116.8,38.8,28.0,7.0,4.8,0
22024,Los Angeles Lakers,2024-11-15,LAL @ SAS,1,240,44,88,0.5,14,31,0.452,18,23,0.783,10,31,41,27,10,3,12,11,120,5,1,2024-2025,0,SAS,120.2,39.6,27.8,7.4,5.2,0
22024,Los Angeles Lakers,2024-11-16,LAL @ NOP,1,240,39,89,0.438,12,40,0.3,14,18,0.778,17,26,43,24,10,3,11,14,104,5,1,2024-2025,0,NOP,118.2,40.8,28.0,7.4,5.6,1
22024,Los Angeles Lakers,2024-11-19,LAL vs. UTA,1,240,42,76,0.553,14,31,0.452,26,36,0.722,6,28,34,30,9,5,14,16,124,6,1,2024-2025,1,UTA,119.8,38.6,28.4,9.0,4.0,0
22024,Los Angeles Lakers,2024-11-21,LAL vs. ORL,0,240,44,87,0.506,13,31,0.419,17,26,0.654,9,27,36,21,4,6,10,15,118,-1,1,2024-2025,1,ORL,118.8,39.2,26.6,8.0,4.4,0
22024,Los Angeles Lakers,2024-11-23,LAL vs. DEN,0,240,39,88,0.443,13,36,0.361,11,14,0.786,6,26,32,27,11,3,15,16,102,-25,1,2024-2025,1,DEN,113.6,37.2,25.8,8.8,4.0,0
22024,Los Angeles Lakers,2024-11-26,LAL @ PHX,0,240,37,85,0.435,8,34,0.235,18,25,0.72,7,35,42,25,7,6,12,11,100,-27,1,2024-2025,0,PHX,109.6,37.4,25.4,8.2,4.6,0
22024,Los Angeles Lakers,2024-11-27,LAL @ SAS,1,240,48,90,0.533,13,34,0.382,10,10,1.0,11,35,46,31,8,3,13,15,119,18,1,2024-2025,0,SAS,112.6,38.0,26.8,7.8,4.6,1
22024,Los Angeles Lakers,2024-11-29,LAL vs. OKC,0,240,33,73,0.452,11,38,0.289,16,21,0.762,8,39,47,25,4,6,17,18,93,-8,1,2024-2025,1,OKC,106.4,40.6,25.8,6.8,4.8,0
22024,Los Angeles Lakers,2024-12-01,LAL @ UTA,1,240,39,88,0.443,7,33,0.212,20,25,0.8,10,32,42,23,7,4,5,18,105,1,1,2024-2025,0,UTA,103.8,41.8,26.2,7.4,4.4,0
22024,Los Angeles Lakers,2024-12-02,LAL @ MIN,0,240,32,79,0.405,6,31,0.194,10,14,0.714,9,30,39,19,8,2,21,16,80,-29,1,2024-2025,0,MIN,99.4,43.2,24.6,6.8,4.2,1
22024,Los Angeles Lakers,2024-12-04,LAL @ MIA,0,240,37,88,0.42,5,22,0.227,14,19,0.737,12,24,36,29,9,4,13,8,93,-41,1,2024-2025,0,MIA,98.0,42.0,25.4,7.2,3.8,0
22024,Los Angeles Lakers,2024-12-06,LAL @ ATL,0,265,51,99,0.515,16,35,0.457,14,16,0.875,6,34,40,33,11,10,15,24,132,-2,1,2024-2025,0,ATL,100.6,40.8,25.8,7.8,5.2,0
22024,Los Angeles Lakers,2024-12-08,LAL vs. POR,1,240,38,83,0.458,13,34,0.382,18,21,0.857,8,32,40,25,14,7,11,20,107,9,1,2024-2025,1,POR,103.4,39.4,25.8,9.8,5.4,0
22024,Los Angeles Lakers,2024-12-13,LAL @ MIN,0,240,33,86,0.384,10,35,0.286,11,17,0.647,15,38,53,17,7,6,22,21,87,-10,1,2024-2025,0,MIN,99.8,41.6,24.6,9.8,5.8,0
22024,Los Angeles Lakers,2024-12-15,LAL vs. MEM,1,240,39,82,0.476,10,34,0.294,28,39,0.718,10,34,44,23,10,7,23,27,116,6,1,2024-2025,1,MEM,107.0,42.6,25.4,10.2,6.8,0
22024,Los Angeles Lakers,2024-12-19,LAL @ SAC,1,240,38,94,0.404,12,33,0.364,25,30,0.833,14,39,53,22,8,10,13,16,113,13,1,2024-2025,0,SAC,111.0,46.0,24.0,10.0,8.0,0
22024,Los Angeles Lakers,2024-12-21,LAL @ SAC,1,240,40,83,0.482,9,35,0.257,14,21,0.667,9,39,48,23,10,6,14,14,103,4,1,2024-2025,0,SAC,105.2,47.6,22.0,9.8,7.2,0
22024,Los Angeles Lakers,2024-12-23,LAL vs. DET,0,240,40,74,0.541,14,30,0.467,20,25,0.8,6,32,38,28,8,3,20,10,114,-3,1,2024-2025,1,DET,106.6,47.2,22.6,8.6,6.4,0
22024,Los Angeles Lakers,2024-12-25,LAL @ GSW,1,240,41,91,0.451,15,42,0.357,18,18,1.0,11,30,41,30,6,4,9,14,115,2,1,2024-2025,0,GSW,112.2,44.8,25.2,8.4,6.0,0
22024,Los Angeles Lakers,2024-12-28,LAL vs. SAC,1,240,46,77,0.597,14,26,0.538,26,33,0.788,4,29,33,33,4,3,11,13,132,10,1,2024-2025,1,SAC,115.4,42.6,27.2,7.2,5.2,0
22024,Los Angeles Lakers,2024-12-31,LAL vs. CLE,0,240,42,95,0.442,9,35,0.257,17,19,0.895,8,35,43,26,7,3,9,12,110,-12,1,2024-2025,1,CLE,114.8,40.6,28.0,7.0,3.8,0
22024,Los Angeles Lakers,2025-01-02,LAL vs. POR,1,240,43,94,0.457,15,43,0.349,13,14,0.929,15,28,43,30,8,3,13,17,114,8,1,2024-2025,1,POR,117.0,39.6,29.4,6.6,3.2,0
22024,Los Angeles Lakers,2025-01-03,LAL vs. ATL,1,240,43,88,0.489,13,30,0.433,20,25,0.8,17,39,56,28,4,6,19,21,119,17,1,2024-2025,1,ATL,118.0,43.2,29.4,5.8,3.8,1
22024,Los Angeles Lakers,2025-01-05,LAL @ HOU,0,240,38,78,0.487,16,36,0.444,23,28,0.821,10,29,39,26,4,5,10,21,115,-4,1,2024-2025,0,HOU,118.0,42.8,28.6,5.4,4.0,0
22024,Los Angeles Lakers,2025-01-07,LAL @ DAL,0,240,34,75,0.453,11,35,0.314,18,24,0.75,5,28,33,20,7,6,10,13,97,-21,1,2024-2025,0,DAL,111.0,42.8,26.0,6.0,4.6,0
22024,Los Angeles Lakers,2025-01-13,LAL vs. SAS,0,240,39,87,0.448,14,44,0.318,10,16,0.625,15,25,40,24,9,4,19,17,102,-24,1,2024-2025,1,SAS,109.4,42.2,25.6,6.4,4.8,0
22024,Los Angeles Lakers,2025-01-15,LAL vs. MIA,1,240,47,90,0.522,13,34,0.382,10,14,0.714,6,28,34,33,12,4,7,12,117,9,1,2024-2025,1,MIA,110.0,40.4,26.2,7.2,5.0,0
22024,Los Angeles Lakers,2025-01-17,LAL vs. BKN,1,240,38,82,0.463,12,34,0.353,14,18,0.778,6,28,34,24,6,7,10,12,102,1,1,2024-2025,1,BKN,106.6,36.0,25.4,7.6,5.2,0
22024,Los Angeles Lakers,2025-01-19,LAL @ LAC,0,240,38,76,0.5,9,27,0.333,17,19,0.895,5,28,33,26,6,6,17,14,102,-14,1,2024-2025,0,LAC,104.0,34.8,25.4,8.0,5.4,0
22024,Los Angeles Lakers,2025-01-21,LAL vs. WAS,1,240,43,90,0.478,11,34,0.324,14,18,0.778,7,43,50,30,6,10,11,11,111,23,1,2024-2025,1,WAS,106.8,38.2,27.4,7.8,6.2,0
22024,Los Angeles Lakers,2025-01-23,LAL vs. BOS,1,240,42,89,0.472,15,35,0.429,18,20,0.9,10,43,53,27,4,3,10,14,117,21,1,2024-2025,1,BOS,109.8,40.8,28.0,6.8,6.0,0
22024,Los Angeles Lakers,2025-01-25,LAL @ GSW,1,240,47,86,0.547,10,29,0.345,14,17,0.824,10,32,42,29,8,2,13,13,118,10,1,2024-2025,0,GSW,110.0,42.4,27.2,6.0,5.6,0
22024,Los Angeles Lakers,2025-01-27,LAL @ CHA,1,240,44,86,0.512,6,28,0.214,18,24,0.75,12,36,48,22,9,5,19,18,112,5,1,2024-2025,0,CHA,112.0,45.2,26.8,6.6,5.2,0
22024,Los Angeles Lakers,2025-01-28,LAL @ PHI,0,240,37,72,0.514,10,33,0.303,20,23,0.87,4,35,39,25,5,3,22,19,104,-14,1,2024-2025,0,PHI,112.4,46.4,26.6,6.4,4.6,1
22024,Los Angeles Lakers,2025-01-30,LAL @ WAS,1,240,49,90,0.544,15,32,0.469,21,22,0.955,9,39,48,31,9,6,11,24,134,38,1,2024-2025,0,WAS,117.0,46.0,26.8,7.0,3.8,0
22024,Los Angeles Lakers,2025-02-01,LAL @ NYK,1,240,47,81,0.58,19,40,0.475,15,18,0.833,3,34,37,26,9,4,15,22,128,16,1,2024-2025,0,NYK,119.2,42.8,26.6,8.0,4.0,0
22024,Los Angeles Lakers,2025-02-04,LAL @ LAC,1,240,45,81,0.556,18,37,0.486,14,23,0.609,10,40,50,33,7,3,15,15,122,25,1,2024-2025,0,LAC,120.0,44.4,27.4,7.8,4.2,0
22024,Los Angeles Lakers,2025-02-06,LAL vs. GSW,1,240,39,78,0.5,13,35,0.371,29,36,0.806,7,40,47,26,9,5,14,21,120,8,1,2024-2025,1,GSW,121.6,44.2,28.2,7.8,4.2,0
22024,Los Angeles Lakers,2025-02-08,LAL vs. IND,1,240,46,88,0.523,11,33,0.333,21,23,0.913,9,37,46,29,6,3,15,22,124,7,1,2024-2025,1,IND,125.6,45.6,29.0,8.0,4.2,0
22024,Los Angeles Lakers,2025-02-10,LAL vs. UTA,1,240,50,92,0.543,15,42,0.357,17,18,0.944,10,34,44,28,11,2,13,22,132,19,1,2024-2025,1,UTA,125.2,44.8,28.4,8.4,3.4,0
22024,Los Angeles Lakers,2025-02-12,LAL @ UTA,0,240,41,92,0.446,20,50,0.4,17,30,0.567,14,31,45,31,5,3,14,20,119,-12,1,2024-2025,0,UTA,123.4,46.4,29.4,7.6,3.2,0
22024,Los Angeles Lakers,2025-02-19,LAL vs. CHA,0,240,37,90,0.411,15,51,0.294,8,12,0.667,12,38,50,29,7,4,18,17,97,-3,1,2024-2025,1,CHA,118.4,46.4,28.6,7.6,3.4,0
22024,Los Angeles Lakers,2025-02-20,LAL @ POR,1,240,39,82,0.476,9,32,0.281,23,25,0.92,11,37,48,20,7,6,24,17,110,8,1,2024-2025,0,POR,116.4,46.6,27.4,7.2,3.6,1
22024,Los Angeles Lakers,2025-02-22,LAL @ DEN,1,240,43,86,0.5,16,41,0.39,21,25,0.84,9,30,39,27,15,9,9,20,123,23,1,2024-2025,0,DEN,116.2,45.2,27.0,9.0,4.8,0
22024,Los Angeles Lakers,2025-02-25,LAL vs. DAL,1,240,39,87,0.448,11,40,0.275,18,24,0.75,13,44,57,24,7,8,14,13,107,8,1,2024-2025,1,DAL,111.2,47.8,26.2,8.2,6.0,0
22024,Los Angeles Lakers,2025-02-27,LAL vs. MIN,1,240,34,82,0.415,11,41,0.268,32,46,0.696,16,36,52,21,7,2,13,18,111,9,1,2024-2025,1,MIN,109.6,49.2,24.2,8.6,5.8,0
22024,Los Angeles Lakers,2025-02-28,LAL vs. LAC,1,240,39,80,0.488,11,33,0.333,17,22,0.773,10,29,39,19,14,5,15,14,106,4,1,2024-2025,1,LAC,111.4,47.0,22.2,10.0,6.0,1
22024,Los Angeles Lakers,2025-03-02,LAL vs. LAC,1,240,38,77,0.494,18,42,0.429,14,20,0.7,11,30,41,21,8,6,17,16,108,6,1,2024-2025,1,LAC,111.0,45.6,22.4,10.2,6.0,0
22024,Los Angeles Lakers,2025-03-04,LAL vs. NOP,1,240,48,90,0.533,19,52,0.365,21,27,0.778,17,34,51,32,7,5,15,12,136,21,1,2024-2025,1,NOP,113.6,48.0,23.4,8.6,5.2,0
22024,Los Angeles Lakers,2025-03-06,LAL vs. NYK,1,265,38,89,0.427,14,42,0.333,23,28,0.821,12,37,49,25,7,4,17,28,113,4,1,2024-2025,1,NYK,114.8,46.4,23.6,8.6,4.4,0
22024,Los Angeles Lakers,2025-03-08,LAL @ BOS,0,240,39,87,0.448,14,40,0.35,9,14,0.643,9,36,45,18,6,1,14,17,101,-10,1,2024-2025,0,BOS,112.8,45.0,23.0,8.4,4.2,0
22024,Los Angeles Lakers,2025-03-10,LAL @ BKN,0,240,37,85,0.435,19,40,0.475,15,19,0.789,8,35,43,31,4,4,15,20,108,-3,1,2024-2025,0,BKN,113.2,45.8,25.4,6.4,4.0,0
22024,Los Angeles Lakers,2025-03-13,LAL @ MIL,0,240,38,87,0.437,15,40,0.375,15,18,0.833,5,33,38,18,3,4,14,23,106,-20,1,2024-2025,0,MIL,112.8,45.2,24.8,5.4,3.6,0
22024,Los Angeles Lakers,2025-03-14,LAL @ DEN,0,240,49,105,0.467,15,40,0.375,13,16,0.813,19,28,47,32,10,2,9,25,126,-5,1,2024-2025,0,DEN,110.8,44.4,24.8,6.0,3.0,1
22024,Los Angeles Lakers,2025-03-16,LAL vs. PHX,1,240,35,81,0.432,14,39,0.359,23,32,0.719,7,33,40,22,7,5,10,20,107,11,1,2024-2025,1,PHX,109.6,42.6,24.2,6.0,3.2,0
22024,Los Angeles Lakers,2025-03-17,LAL vs. SAS,1,240,44,90,0.489,19,48,0.396,18,24,0.75,8,34,42,34,13,4,9,10,125,16,1,2024-2025,1,SAS,114.4,42.0,27.4,7.4,3.8,1
22024,Los Angeles Lakers,2025-03-19,LAL vs. DEN,1,240,42,83,0.506,16,38,0.421,20,28,0.714,8,30,38,25,13,3,14,17,120,12,1,2024-2025,1,DEN,116.8,41.0,26.2,9.2,3.6,0
22024,Los Angeles Lakers,2025-03-20,LAL vs. MIL,0,240,34,82,0.415,11,32,0.344,10,16,0.625,14,36,50,26,5,4,22,25,89,-29,1,2024-2025,1,MIL,113.4,43.4,27.8,9.6,3.6,1
22024,Los Angeles Lakers,2025-03-22,LAL vs. CHI,0,240,41,85,0.482,17,41,0.415,16,22,0.727,9,26,35,23,8,1,21,16,115,-31,1,2024-2025,1,CHI,111.2,41.0,26.0,9.2,3.4,0
22024,Los Angeles Lakers,2025-03-24,LAL @ ORL,0,240,37,80,0.463,10,32,0.313,22,28,0.786,11,28,39,19,7,1,11,20,106,-12,1,2024-2025,0,ORL,111.0,40.8,25.4,9.2,2.6,0
22024,Los Angeles Lakers,2025-03-26,LAL @ IND,1,240,41,79,0.519,17,38,0.447,21,24,0.875,8,35,43,26,5,3,15,22,120,1,1,2024-2025,0,IND,110.0,41.0,23.8,7.6,2.4,0
22024,Los Angeles Lakers,2025-03-27,LAL @ CHI,0,240,45,91,0.495,12,41,0.293,15,18,0.833,6,34,40,30,8,7,11,19,117,-2,1,2024-2025,0,CHI,109.4,41.4,24.8,6.6,3.2,1
22024,Los Angeles Lakers,2025-03-29,LAL @ MEM,1,240,45,89,0.506,19,43,0.442,25,27,0.926,8,34,42,30,7,3,13,21,134,7,1,2024-2025,0,MEM,118.4,39.8,25.6,7.0,3.0,0
22024,Los Angeles Lakers,2025-03-31,LAL vs. HOU,1,240,35,89,0.393,16,46,0.348,18,20,0.9,10,35,45,22,11,6,11,15,104,6,1,2024-2025,1,HOU,116.2,41.8,25.4,7.6,4.0,0
22024,Los Angeles Lakers,2025-04-03,LAL vs. GSW,0,240,39,86,0.453,18,47,0.383,20,23,0.87,14,25,39,23,5,3,10,23,116,-7,1,2024-2025,1,GSW,118.2,41.8,26.2,7.2,4.4,0
22024,Los Angeles Lakers,2025-04-04,LAL vs. NOP,1,240,41,79,0.519,16,41,0.39,26,28,0.929,8,28,36,26,7,2,13,18,124,16,1,2024-2025,1,NOP,119.0,40.4,26.2,7.6,4.2,1
22024,Los Angeles Lakers,2025-04-06,LAL @ OKC,1,240,46,84,0.548,22,40,0.55,12,17,0.706,8,35,43,25,6,2,17,15,126,27,1,2024-2025,0,OKC,120.8,41.0,25.2,7.2,3.2,0
22024,Los Angeles Lakers,2025-04-08,LAL @ OKC,0,240,37,80,0.463,18,40,0.45,28,37,0.757,12,33,45,21,2,6,19,15,120,-16,1,2024-2025,0,OKC,118.0,41.6,23.4,6.2,3.8,0
22024,Los Angeles Lakers,2025-04-09,LAL @ DAL,1,240,42,90,0.467,12,36,0.333,16,21,0.762,15,24,39,22,14,0,12,16,112,15,1,2024-2025,0,DAL,119.6,40.4,23.4,6.8,2.6,1
22024,Los Angeles Lakers,2025-04-11,LAL vs. HOU,1,240,53,87,0.609,19,37,0.514,15,25,0.6,4,38,42,28,11,1,13,15,140,31,1,2024-2025,1,HOU,124.4,41.0,24.4,8.0,2.2,0
22024,Los Angeles Lakers,2025-04-13,LAL @ POR,0,240,31,80,0.388,9,28,0.321,10,14,0.714,13,29,42,21,9,11,21,21,81,-28,1,2024-2025,0,POR,115.8,42.2,23.4,8.4,4.0,0
22025,Los Angeles Lakers,2025-10-21,LAL vs. GSW,0,240,42,77,0.545,8,32,0.25,17,28,0.607,7,32,39,23,7,2,20,21,109,-10,1,2025-2026,1,GSW,112.4,41.4,23.0,8.6,4.0,0
22025,Los Angeles Lakers,2025-10-24,LAL vs. MIN,1,240,45,76,0.592,12,29,0.414,26,32,0.813,7,31,38,26,6,3,12,20,128,18,1,2025-2026,1,MIN,114.0,40.0,24.0,9.4,3.4,0
22025,Los Angeles Lakers,2025-10-26,LAL @ SAC,1,240,39,80,0.488,8,25,0.32,41,46,0.891,10,37,47,26,9,3,17,17,127,7,1,2025-2026,0,SAC,117.0,41.6,24.8,8.4,4.0,0
22025,Los Angeles Lakers,2025-10-27,LAL vs. POR,0,240,40,86,0.465,7,27,0.259,21,26,0.808,12,30,42,23,11,5,25,19,108,-14,1,2025-2026,1,POR,110.6,41.6,23.8,8.4,4.8,1
22025,Los Angeles Lakers,2025-10-29,LAL @ MIN,1,240,45,83,0.542,11,31,0.355,15,22,0.682,11,29,40,34,6,5,19,22,116,1,1,2025-2026,0,MIN,117.6,41.2,26.4,7.8,3.6,0
22025,Los Angeles Lakers,2025-10-31,LAL @ MEM,1,240,39,76,0.513,13,38,0.342,26,33,0.788,5,35,40,24,8,3,15,16,117,5,1,2025-2026,0,MEM,119.2,41.4,26.6,8.0,3.8,0
22025,Los Angeles Lakers,2025-11-02,LAL vs. MIA,1,240,48,95,0.505,15,46,0.326,19,23,0.826,8,33,41,33,14,2,12,26,130,10,1,2025-2026,1,MIA,119.6,42.0,28.0,9.6,3.6,0
22025,Los Angeles Lakers,2025-11-03,LAL @ POR,1,240,50,85,0.588,9,23,0.391,14,16,0.875,8,26,34,29,11,5,17,22,123,8,1,2025-2026,0,POR,118.8,39.4,28.6,10.0,4.0,1
22025,Los Angeles Lakers,2025-11-05,LAL vs. SAS,1,240,37,83,0.446,10,31,0.323,34,44,0.773,12,26,38,23,8,5,14,30,118,2,1,2025-2026,1,SAS,120.8,38.6,28.6,9.4,4.0,0
22025,Los Angeles Lakers,2025-11-08,LAL @ ATL,0,240,37,81,0.457,12,30,0.4,16,20,0.8,13,34,47,23,8,5,20,11,102,-20,1,2025-2026,0,ATL,118.0,40.0,26.4,9.8,4.0,0
22025,Los Angeles Lakers,2025-11-10,LAL @ CHA,1,240,45,90,0.5,14,39,0.359,17,20,0.85,12,24,36,25,12,2,11,22,121,10,1,2025-2026,0,CHA,118.8,39.2,26.6,10.6,3.8,0
22025,Los Angeles Lakers,2025-11-12,LAL @ OKC,0,240,31,77,0.403,11,35,0.314,19,28,0.679,9,33,42,19,9,0,20,19,92,-29,1,2025-2026,0,OKC,111.2,39.4,23.8,9.6,3.4,0
